Column1,Column2,Column3,Column4,Column5,Column6,Column7,Column8,Column9,Column10,Column11
Logo CERT,full_name,ชื่อศูนย์ภาษาอังกฤษ,short_name,สถานะ,unit_name,area_name,location,saraban_email,sarabun_phone,contacts_247
,ศูนย์ประสานงานการรักษาความมั่นคงปลอดภัยระบบคอมพิวเตอร์กระทรวงกลาโหม ,Ministry of Defence Computer Security Incident Response Team ,MODCSIRT,จัดตั้งเสร็จสมบูรณ์,หน่วยงานกำกับดูแล,ด้านความมั่นคงของรัฐ,"ศาลาว่าการกลาโหม ถนนสนามไชย เขตพระนคร กรุงเทพ 10200

สถานที่จัดตั้ง CERT
เลขที่ 127 อาคารสำนักงานปลัดกระทรวงกลาโหม (ศรีสมาน) ต.บ้านใหม่ อ.ปากเกร็ด จ.นนทบุรี 1110",,"02 - 224 - 0717, 02- 224 - 0703(fax)","เบอร์โทรศัพท์:
E-mail :"
,"ศูนย์ประสานการรักษาความมั่นคงปลอดภัยระบบคอมพิวเตอร์ สำนักงานตำรวจแห่งชาติ
",Constable ON Patrol Computer Security Incident Response Team ,COPCSIRT,จัดตั้งเสร็จสมบูรณ์,หน่วยงานกำกับดูแล,ด้านความมั่นคงของรัฐ,"ถนนพระรามที่ 1 แขวงปทุมวัน เขตปทุมวัน กรุงเทพมหานคร 10330

สถานที่จัดตั้ง CERT
กลุ่มงานรักษาความมั่นคงปลอดภัยทางไซเบอร์ กองบังคับการตรวจสอบและวิเคราะห์อาชญากรรมทางเทคโนโลยี กองบัญชาการตำรวจสืบสวนสอบสวนอาชญากรรมทางเทคโนโลยี อาคารกองบังคับการตำรวจสืบสวนสอบสวนอาชญากรรมทางเทคโนโลยี 2 ชั้น 6 เลขที่ 904 อาคารเฉลิมพระเกียรติ ตำบล บ้านใหม่ อำเภอ ปากเกร็ด จังหวัด นนทบุรี 11120",saraban_ccib@police.go.th,0875552275,"เบอร์โทรศัพท์:
E-mail :"
,"ศูนย์ประสานการรักษาความมั่นคงปลอดภัยไซเบอร์ด้านความมั่นคงของรัฐฝ่ายพลเรือน 
",Thailand Civilian Sector CERT,TCS CERT,จัดตั้งเสร็จสมบูรณ์,หน่วยงานกำกับดูแล,ด้านความมั่นคงของรัฐ,เลขที่ 321 ถนนราชดําเนินนอก แขวงดุสิต เขตดุสิต กรุงเทพฯ 10300,saraban@nia.go.th,0227971803 ต่อ 6191-6196,"เบอร์โทรศัพท์:
E-mail :"
,"ศูนย์ประสานการรักษาความมั่นคงปลอดภัยระบบคอมพิวเตอร์กระทรวงการคลัง 
",Ministry of Finance Computer Security Incident Response Team ,MOF-CSIRT,จัดตั้งเสร็จสมบูรณ์,หน่วยงานกำกับดูแล,ด้านบริการภาครัฐที่สำคัญ,"สถานที่จัดตั้ง CERT
อาคาร 150 ปี กระทรวงการคลัง ถนนพระรามที่ 6
แขวงพญาไท เขตพญาไท กรุงเทพฯ 10400",saban@mof.go.th,"0 2126 5800 ต่อ 28811 และ 28906, 0 2273 9408(fax)",
,ศูนย์ประสานการรักษาความมั่นคงปลอดภัยระบบคอมพิวเตอร์ กรมศุลกากร,National Single Window CERT,NSW-CERT,จัดตั้งเสร็จสมบูรณ์,หน่วยงานกำกับดูแล,ด้านบริการภาครัฐที่สำคัญ,"เลขที่ 1 ถ.สุนทรโกษา คลองเตย กทม. 1010

สถานที่จัดตั้ง CERT
กองบริหารจัดการและพัฒนาระบบเชื่อมโยงข้อมูลการนำเข้า ส่งออก
และโลจิสติกส์ อาคาร 120 ปี ชั้น 15",saraban@customs.go.th,02 667 7000,
,ศูนย์ประสานการรักษาความมั่นคงปลอดภัยระบบคอมพิวเตอร์ สำนักบริหารการทะเบียน กรมการปกครอง,The Bureau of Registration Administration CERT,BORA CERT,จัดตั้งเสร็จสมบูรณ์,"หน่วยงานกำกับดูแล, หน่วยงานโครงสร้างพื้นฐานสำคัญทางสารสนเทศ",ด้านบริการภาครัฐที่สำคัญ,"เลขที่ 666 อาคารธนาลงกรณ์ทาวเวอร์ ขั้น 1 ถนนบรมราชชนนี
แขวงบางนำหรู เขตบางพลัด กรุงเทพฯ 10700

สถานที่จัดตั้ง CERT
59 หมู่ 11 ต.บึงทองหลาง อ.ลำลูกกา จ.ปทุมธานี 12150",waster@dopa.go.th,"0 2221 8150, 02-222-5852(fax)",
,ศูนย์ประสานการรักษาความมั่นคงปลอดภัยระบบคอมพิวเตอร์ภาครัฐบาลดิจิทัล,Digital Government CERT,DG-CERT,จัดตั้งเสร็จสมบูรณ์,"หน่วยงานกำกับดูแล, หน่วยงานโครงสร้างพื้นฐานสำคัญทางสารสนเทศ",ด้านบริการภาครัฐที่สำคัญ,"เลขที่ 120 ศูนย์ราชการเฉลิมพระเกียรติ 80 พรรษา 5 ธันวาคม 2550
(อาคารซี) ชั้น ๘ ถนนแจ้งวัฒนะ แขวงทุ่งสองห้อง เขตหลักสี่ กรุงเทพฯ 10210",,,
,ศูนย์ประสานงานด้านความมั่นคงปลอดภัยเทคโนโลยีสารสนเทศภาคการธนาคาร,Thailand Banking Sector Computer Emergency Response Team,TB-CERT,จัดตั้งเสร็จสมบูรณ์,หน่วยงานกำกับดูแล,ด้านการเงินการธนาคาร,ที่ตั้งศูนย์ ฯ : เลขที่ ๕/๑๓ ชั้น ๔ หมู่ ๓ ถนนแจ้งวัฒนะ ตำบลคลองเกลือ อำเภอปากเกร็ด จังหวัดนนทบุรี ๑๑๑๒๐,saraban@bot.or.th,,
,ศูนย์ประสานการรักษาความมั่นคงปลอดภัยระบบคอมพิวเตอร์ภาคตลาดทุน,Thai Capital Market Computer Emergency Response Team,TCM-CERT,จัดตั้งเสร็จสมบูรณ์,หน่วยงานกำกับดูแล,ด้านการเงินการธนาคาร,"เลขที่ 333/3 ถนนวิภาวดีรังสิต แชวงจอมพล เขตจตุจักร กรุงเทพมหานคร
10900

สถานที่จัดตั้ง CERT
เลขที่ 93 ถนนรัชดาภิเษก แขวงดินแดง เขตดินแดง กรุงเทพฯ 10400",saraban@sec.or.th,0-2033-9999,
,ศูนย์ประสานงานรักษาความมั่นคงปลอดภัยทางคอมพิวเตอร์ด้านโทรคมนาคม (สำนักงาน กสทช.),Thailand Telecommunications Sector CERT,TTC-CERT,จัดตั้งเสร็จสมบูรณ์,หน่วยงานกำกับดูแล,ด้านเทคโนโลยีสารสนเทศและโทรคมนาคม,87 ถนนพหลโยธิน ซอย 8 แขวงสามเสนใน เขตพญาไท กรุงเทพฯ 10400 โทร : 0 2670 8888,saraban@nbtc.go.th,"026708888, 022782530(fax)",
,ศูนย์ประสานการรักษาความมั่นคงปลอดภัยระบบคอมพิวเตอร์ภาคการบิน,Thailand Aviation - Computer Emergency Response Team,TA-CERT,จัดตั้งเสร็จสมบูรณ์,หน่วยงานกำกับดูแล,ด้านการขนส่งและโลจิสติกส์,"เลขที่ ๒๒๒ ซอยวิภาวดีรังสิต ๒๕ ถนนวิภาวดีรังสิต แขวงจตุจักร
เขตจตุจักร กรุงเทพมหานคร ๑๐๙๐๐",saraban@caat.or.th,02-568-8800,
,ศูนย์ประสานการรักษาความมั่นคงปลอดภัยไซเบอร์ของระบบการขนส่งทางราง,,Railway CERT,อยู่ระหว่างการจัดตั้ง,หน่วยงานกำกับดูแล,ด้านการขนส่งและโลจิสติกส์,"๕๑๔/๑ อาคาร ณ ถลาง ถนนหลานหลวงง แขวงสี่แยกมหานาค เขตดุสิต
กรุงเทพฯ ๑๐๓๐๐","
E-mail (สำหรับส่งหนังสือทั่วไป/สารบรรณกลาง) : saraban@drt.go.th","021642626, 021642617(fax)",
,ศูนย์ประสานการรักษาความมั่นคงปลอดภัยระบบคอมพิวเตอร์ด้านพลังงาน,Energy Computer Emergency Response Team,Energy CERT,จัดตั้งเสร็จสมบูรณ์,หน่วยงานกำกับดูแล,ด้านพลังงานและสาธารณูปโภค,อาคาร บี ศูนย์เอนเนอร์ยี่ คอมเพล็กซ์ 555/2 ถนนวิภาวดีรังสิต แขวงจตุจักร เขตจตุจักร กรุงเทพฯ 10900,saraban@energy.go.th,"02-140-6000, 02-140-6228(fax)",
,ศูนย์ประสานการรักษาความมั่นคงปลอดภัยไซเบอร์ ด้านการให้บริการสุขภาพในโรงพยานาล กรมสนับสนุนริการสุขภาพ,Health Service Support Computer.Emergency.Response Team,HSS-CERT,อยู่ระหว่างการจัดตั้ง,"หน่วยงานรัฐ, หน่วยงานกำกับดูแล, หน่วยงานโครงสร้างพื้นฐานสำคัญทางสารสนเทศ",ด้านสาธารณสุข,88/44 หมู่ที่ 4 ตำบลตลาดขวัญ อำเภอเมืองนนหบุรี จังหวัดนนนทบุรี,saraban@hss.mail.go.t,"021937002, 021495670(fax)",
,ศูนย์ประสานการรักษาความมั่นคงปลอดภัยระบบคอมพิวเตอร์สำนักงานคณะกรรมการอาหารและยา,Food and Drug Administrator Computer Emergency Response Team,FDA-CERT,จัดตั้งเสร็จสมบูรณ์,หน่วยงานกำกับดูแล,ด้านสาธารณสุข,"
88/24 ถนนติวานนท์ ตำบลตลาดขวัญ อำเภอเมือง จังหวัดนนนทบุรี
11000

สถานที่จัดตั้ง CERT
อาคาร 1 ชั้น 4 สำนักงานคณะกรรมการอาหารและยา 88/24 ถนนติวานนท์ ตำบลตลาดขวัญ อำเภอเมือง จังหวัดนนทบุรี 100000","
saraban@fda.moph.go.th","025907000, 02590711(fax)",
,ศูนย์ประสานการรักษาความมั่นคงปลอดภัยระบบคอมพิวเตอร์ด้านนิวเคลียร์และรังสี,Nuclear and Radiation Computer Emergency Response Team,NR-CERT,จัดตั้งเสร็จสมบูรณ์,หน่วยงานกำกับดูแล,ด้านสาธารณสุข,เลขที่ 16 ถนนวิภาวดีรังสิต แขวงลาดยาว เขตจตุจักร กรุงเทพฯ 10900, saraban@oap.go.th,0-2596-7600 ต่อ 1210,
,ศูนย์ประสานการรักษาความมั่นคงปลอดภัยไซเบอร์ด้านสาธารณสุข,,Health CERT,จัดตั้งเสร็จสมบูรณ์,หน่วยงานกำกับดูแล,ด้านสาธารณสุข,"สำนักงานปลัดกระทรวงสาธารณสุข
เลขที่ 88/20 หมู่ 4 ถนนติวานท์ ตำบลตลาดขวัญ อำเภอเภอเมือง นนทบุรี จังหวัดนทบุรี",saraban@moph.go.th,"0 2590 1000, 0 2590 1174(fax)",
,,,,อยู่ระหว่างการจัดตั้ง,หน่วยงานโครงสร้างพื้นฐานสำคัญทางสารสนเทศ,ด้านพลังงานและสาธารณูปโภค,เลขที่ 72 ชอยแจ้งวัฒนะ 1 ถนนแจ้งวัฒนะ แขวงตลาดบางเขน เขตหลักสี่ กรุงเทพฯ 10210,,,
,กลุ่มงานรับมือสถานการณ์ฉุกเฉินด้านคอมพิวเตอร์มหาวิทยาลัยเทคโนโลยีราชมงคล,Rajamangala University of Technology Computer Emergency Response Team,RMUT CERT,จัดตั้งเสร็จสมบูรณ์,หน่วยงานรัฐ,,"เลขที่ 128 ถนนห้วยแก้ว ตำบลข้างเผือก อำเภอเมืองเชียงใหม่
จังหวัดเชียงใหม่ 50300

สถานที่จัดตั้ง CERT
มหาวิทยาลัยเทคโนโลยีราชมงคลล้านนา เลขที่ 128 ถนนห้วยแก้ว
ตำบลช้างเผือก อำเภอเมืองเชียงใหม่ จังหวัดเชียงใหม่ 50300
",E-mail (อีเมลสำรอง): saraban@rmutl.ac.th,053921444,
,ศูนย์ประสานงานด้านความมั่นคงปลอดภัยเทคโนโลยีสารสนเทศภาคประกันภัย,Thai Insurance Computer Emergency Response Team,TI-CERT,จัดตั้งเสร็จสมบูรณ์,หน่วยงานกำกับดูแล,,"22/79 ถนนรัชดาภิเษก แขวงจันทรเกษม เขตจตุจักร
กรุงเทพมหานคร10900",saraban@oic.or.th,"025153999 ต่อ 1009, 0251539985(fax)",
,ศูนย์ประสานการรักษาความมั่นคงปลอดภัยระบบคอมพิวเตอร์ของกรมการขนส่งทางบก,Department of Land Transport Computer Emergency Response Team,DLT-CERT,จัดตั้งเสร็จสมบูรณ์,หน่วยงานรัฐ,,"๑๐๗๖ ถนนทหลโยธิน แขวงจอมทล เขตจตุจักร กรุงเทพมหามหานคร
๑๐๙๐๐

สถานที่จัดตั้ง CERT
กรมการขนส่งทางบก อาคาร ๙ ขั้น ๒ ศูนย์เทคโนโลยีสารสนเทศ
เลขที่ ๑๐๓๒ ถนนพหลโยธิน แขวงจอมพล เขตจตุจักร กรุงเทพมหานคร ๑๐๙๐๐",saraban@dlt mail.go.th.,"02271 8802 ถึง 3, 02271 8805(fax)",
,ศูนย์ประสานการรักษาความมั่นคงปลอดภัยไซเบอร์ภาคอุดมศึกษา,Thai Higher Education CERT,THE-CSIRT,จัดตั้งเสร็จสมบูรณ์,หน่วยงานรัฐ,,"สำนักงานบริหารเทคโนโลยีสารสนเทศเพื่อพัฒนาการศึกษา
สำนักงานปลัดกระทรวงการอุดมศึกษา วิทยาศาสตร์ วิจัยและนวัตกรรม
เลขที่ 328 ถนนศรีอยุธยา แขวงทุ่งพญาไท เขตราชเทวี กรุงเทพฯ10400",saraban@mhesi.go.th,02-232-4000,
,,,DOL-CERT,รอยืนยันข้อมูล,,,,,,
,ศูนย์เทคโนโลยีดิจิทัล หน่วยราชการในพระองค์,,DTC CERT,อยู่ระหว่างการจัดตั้ง,,,,,,
,,,CCIB-CERT,อยู่ระหว่างการจัดตั้ง,,,,,,
